<?xml version="1.0" encoding="UTF-8"?><bookmarks><file xmlns="http://www.w3.org/1999/xhtml" absolutepath="/MATLAB Drive/tut1.m"></file><file xmlns="http://www.w3.org/1999/xhtml" absolutepath="/MATLAB Drive/untitled.m"></file><file xmlns="http://www.w3.org/1999/xhtml" absolutepath="/MATLAB Drive/tut2.m"></file><file xmlns="http://www.w3.org/1999/xhtml" absolutepath="/MATLAB Drive/operation.m"></file><file xmlns="http://www.w3.org/1999/xhtml" absolutepath="/MATLAB Drive/tut3.m"></file><file xmlns="http://www.w3.org/1999/xhtml" absolutepath="/MATLAB Drive/question1.m"></file><file xmlns="http://www.w3.org/1999/xhtml" absolutepath="/MATLAB Drive/question2.m"></file><file xmlns="http://www.w3.org/1999/xhtml" absolutepath="/MATLAB Drive/question3.m"></file><file xmlns="http://www.w3.org/1999/xhtml" absolutepath="/MATLAB Drive/untitled4.m"></file><file xmlns="http://www.w3.org/1999/xhtml" absolutepath="/MATLAB Drive/question5.m"></file><file xmlns="http://www.w3.org/1999/xhtml" absolutepath="/MATLAB Drive/question6.m"></file><file xmlns="http://www.w3.org/1999/xhtml" absolutepath="/MATLAB Drive/question7m.m"></file><file xmlns="http://www.w3.org/1999/xhtml" absolutepath="/MATLAB Drive/frequency.m"></file><file xmlns="http://www.w3.org/1999/xhtml" absolutepath="/MATLAB Drive/question8.m"></file><file xmlns="http://www.w3.org/1999/xhtml" absolutepath="/MATLAB Drive/qeustion10.1.m"></file><file xmlns="http://www.w3.org/1999/xhtml" absolutepath="/MATLAB Drive/question10B.m"></file><file xmlns="http://www.w3.org/1999/xhtml" absolutepath="/MATLAB Drive/question10C.m"></file><file xmlns="http://www.w3.org/1999/xhtml" absolutepath="/MATLAB Drive/qeustion10A.m"></file><file xmlns="http://www.w3.org/1999/xhtml" absolutepath="/MATLAB Drive/qu10estion.m"></file></bookmarks>