<?xml version="1.0" encoding="UTF-8"?>
<Editor version="1.0">
   <File absPath="/MATLAB Drive" lastWrittenTime="1722971125516" name="tut1.m">
      <CodeFolds version="1.0"/>
   </File>
   <File absPath="/MATLAB Drive" lastWrittenTime="1723053626728" name="untitled.m">
      <CodeFolds version="1.0"/>
   </File>
   <File absPath="/MATLAB Drive" lastWrittenTime="1723054455350" name="tut2.m">
      <CodeFolds version="1.0"/>
   </File>
   <File absPath="/MATLAB Drive" lastWrittenTime="1723054524495" name="operation.m">
      <CodeFolds version="1.0"/>
   </File>
   <File absPath="/MATLAB Drive" lastWrittenTime="1723055880290" name="tut3.m">
      <CodeFolds version="1.0"/>
   </File>
   <File absPath="/MATLAB Drive" lastWrittenTime="1723098940855" name="question1.m">
      <CodeFolds version="1.0"/>
   </File>
   <File absPath="/MATLAB Drive" lastWrittenTime="1723099304655" name="question2.m">
      <CodeFolds version="1.0"/>
   </File>
   <File absPath="/MATLAB Drive" lastWrittenTime="1723099682159" name="question3.m">
      <CodeFolds version="1.0"/>
   </File>
   <File absPath="/MATLAB Drive" lastWrittenTime="1723099753779" name="untitled4.m">
      <CodeFolds version="1.0"/>
   </File>
   <File absPath="/MATLAB Drive" lastWrittenTime="1723137660992" name="question5.m">
      <CodeFolds version="1.0"/>
   </File>
   <File absPath="/MATLAB Drive" lastWrittenTime="1723139144695" name="question6.m">
      <CodeFolds version="1.0"/>
   </File>
   <File absPath="/MATLAB Drive" lastWrittenTime="1723167245443" name="question7m.m">
      <CodeFolds version="1.0"/>
   </File>
   <File absPath="/MATLAB Drive" lastWrittenTime="1723168725337" name="frequency.m">
      <CodeFolds version="1.0"/>
   </File>
   <File absPath="/MATLAB Drive" lastWrittenTime="1723171001113" name="question8.m">
      <CodeFolds version="1.0"/>
   </File>
   <File absPath="/MATLAB Drive" lastWrittenTime="1723282510844" name="qeustion10.1.m">
      <CodeFolds version="1.0"/>
   </File>
   <File absPath="/MATLAB Drive" lastWrittenTime="1723282787554" name="question10B.m">
      <CodeFolds version="1.0"/>
   </File>
   <File absPath="/MATLAB Drive" lastWrittenTime="1723284676016" name="qeustion10A.m">
      <CodeFolds version="1.0"/>
   </File>
   <File absPath="/MATLAB Drive" lastWrittenTime="1723284842113" name="question10C.m">
      <CodeFolds version="1.0"/>
   </File>
   <File absPath="/MATLAB Drive" lastWrittenTime="1723371579126" name="qu10estion.m">
      <CodeFolds version="1.0"/>
   </File>
</Editor>